{
    "Target": {
        "Target_1": {
            "points_ball": [
                [
                    0.0,
                    0.0,
                    0.0
                ],
                [
                    210.0,
                    0.0,
                    0.0
                ],
                [
                    144.453,
                    40.342605877657434,
                    0.0
                ]
            ],
            "points_poi": [
                [
                    -2.4,
                    -8.05847795221496,
                    162.35012606429868
                ]
            ]
        }
    }
}