{
    "Target": {
        "Target_1": {
            "points_ball": [
                [
                    0.0,
                    0.0,
                    0.0
                ],
                [
                    93.41359054227603,
                    0.0,
                    0.0
                ],
                [
                    64.23031558009323,
                    44.43443046199236,
                    0.0
                ]
            ],
            "points_poi": [
                [
                    64.23031558009323,
                    44.43443046199232,
                    0.0
                ]
            ]
        }
    }
}