{
    "Target": {
        "Target_1": {
            "points_ball": [
                [
                    0.0,
                    0.0,
                    0.0
                ],
                [
                    175.00025963980738,
                    0.0,
                    0.0
                ],
                [
                    54.99996042183354,
                    77.94202792843375,
                    0.0
                ],
                [
                    139.9998759740524,
                    -69.28298905171943,
                    0.000556123916901445
                ]
            ],
            "points_poi": [
                [
                    280.2768645998221,
                    -112.83695366793802,
                    -69.89984660950707
                ],
                [
                    280.38707586487794,
                    -111.91472484358808,
                    -69.52924241013406
                ],
                [
                    280.80205810632987,
                    -113.20755760062315,
                    -69.1338018942323
                ]
            ]
        },
        "Target_2": {
            "points_ball": [
                [
                    0.0,
                    0.0,
                    0.0
                ],
                [
                    115.00021934326908,
                    0.0,
                    0.0
                ],
                [
                    77.10118165543275,
                    46.98456291523803,
                    0.0
                ],
                [
                    49.73984253826377,
                    -28.190945873963248,
                    0.0
                ]
            ],
            "points_poi": [
                [
                    9.381867340439541,
                    -139.07482133803515,
                    -11.0
                ],
                [
                    5.961699950793422,
                    -148.47175993668532,
                    -11.0
                ]
            ]
        }
    }
}