{
    "Target": {
        "Target_1": {
            "points_ball": [
                [
                    0.0,
                    0.0,
                    0.0
                ],
                [
                    119.06064179232362,
                    0.0,
                    0.0
                ],
                [
                    36.55578483771129,
                    78.06887609604071,
                    0.0
                ],
                [
                    85.60262275234196,
                    74.27312971674364,
                    0.0
                ]
            ],
            "points_poi": [
                [
                    119.06064179232364,
                    0.0,
                    0.0
                ]
            ]
        }
    }
}